,Degree,encoded
0,Bachelor,0.19303551149051282
1,Master,0.1646194978301302
2,PhD,0.18124125058329443
3,Other,0.18171286425017769
