,Have you ever had suicidal thoughts ?,encoded
0,No,0.04860974444038348
1,Yes,0.31783157471033036
